<?xml version="1.0" encoding="UTF-8"?>
<beans xmlns="http://www.springframework.org/schema/beans"
       xmlns:xsi="http://www.w3.org/2001/XMLSchema-instance"
       xmlns:mvc="http://www.springframework.org/schema/mvc"
       xmlns:context="http://www.springframework.org/schema/context"
       xmlns:aop="http://www.springframework.org/schema/aop"
       xsi:schemaLocation="http://www.springframework.org/schema/beans
       http://www.springframework.org/schema/beans/spring-beans.xsd
       http://www.springframework.org/schema/mvc
       http://www.springframework.org/schema/mvc/spring-mvc.xsd
       http://www.springframework.org/schema/context
       http://www.springframework.org/schema/context/spring-context.xsd
       http://www.springframework.org/schema/aop
       http://www.springframework.org/schema/aop/spring-aop.xsd">
    <!-- 开启注解驱动 -->
    <mvc:annotation-driven/>

    <!-- 静态资源处理器 -->
    <mvc:default-servlet-handler/>

    <!-- 扫描controller 包 -->
    <context:component-scan
            base-package="controller"></context:component-scan>

    <!-- 文件上传 -->
    <bean id="multipartResolver"
          class="org.springframework.web.multipart.commons.CommonsMultipartResolver">
        <!-- 默认编码 -->
        <property name="defaultEncoding" value="utf-8"/>
        <!-- 文件大小最大值 -->
        <property name="maxUploadSize" value="10485760000"/>
        <!-- 内存中的最大值 -->
        <property name="maxInMemorySize" value="40960"/>
    </bean>

    <!-- 开启AOP 就可以使用aop 例如记录日志 -->
    <aop:config proxy-target-class="true"></aop:config>

    <!-- 视图解析器： freemarker 或 thymeleaf 或 jsp -->
    <bean
            class="org.springframework.web.servlet.view.InternalResourceViewResolver">
        <property name="viewClass"
                  value="org.springframework.web.servlet.view.JstlView"/>
        <property name="prefix" value="/WEB-INF/view/"/>
        <property name="suffix" value=".html"/>
        <property name="order" value="1"></property>
    </bean>

    <bean id="freemarkerConfiguration"
          class="org.springframework.beans.factory.config.PropertiesFactoryBean">
        <property name="location"
                  value="classpath:properties/freemarker.properties"></property>
    </bean>

    <bean
            class="org.springframework.web.servlet.view.freemarker.FreeMarkerConfigurer">
        <property name="freemarkerSettings"
                  ref="freemarkerConfiguration"/>
        <property name="templateLoaderPath">
            <value>/WEB-INF/view/</value>
        </property>
    </bean>
    <bean id="htmlviewResolver"
          class="org.springframework.web.servlet.view.freemarker.FreeMarkerViewResolver">
        <property name="suffix" value=".html"></property>
        <property name="order" value="0"></property>
        <property name="contentType" value="text/html;charset=UTF-8"></property>
        <property name="requestContextAttribute" value="base"></property>
    </bean>


</beans>