<?xml version="1.0" encoding="UTF-8"?>
<beans xmlns="http://www.springframework.org/schema/beans"
       xmlns:xsi="http://www.w3.org/2001/XMLSchema-instance"
       xsi:schemaLocation="http://www.springframework.org/schema/beans
       http://www.springframework.org/schema/beans/spring-beans.xsd">

    <!--jedis pool config-->
    <bean id="jedisPoolConfig" class="redis.clients.jedis.JedisPoolConfig">
        <property name="maxTotal" value="${redis.pool.maxTotal}"/>
        <property name="maxIdle" value="${redis.pool.maxIdle}"/>
        <property name="maxWaitMillis" value="${redis.pool.maxWaitMillis}"/>
        <property name="testOnBorrow" value="${redis.pool.testOnBorrow}"/>
    </bean>

    <!--jedis connection factory config-->
    <bean id="jedisConnectionFactory" class="org.springframework.data.redis.connection.jedis.JedisConnectionFactory">
        <property name="hostName" value="${redis.hostname}"/>
        <property name="port" value="${redis.port}"/>
        <property name="password" value=""/>
        <property name="poolConfig" ref="jedisPoolConfig"/>
    </bean>

    <!--redisTemplate config-->
    <bean id="redisTemplate" class="org.springframework.data.redis.core.RedisTemplate">
        <property name="connectionFactory" ref="jedisConnectionFactory"/>
    </bean>

</beans>